{
  "project_info": {
    "project_number": "342177187083",
    "project_id": "a-commerce-4b90a",
    "storage_bucket": "a-commerce-4b90a.appspot.com"
  },
  "client": [
    {
      "client_info": {
        "mobilesdk_app_id": "1:342177187083:android:2ea10d59678a8e09d28e0e",
        "android_client_info": {
          "package_name": "com.example.e_commerce"
        }
      },
      "oauth_client": [
        {
          "client_id": "342177187083-4t9og0gspbsi27kkn1l6t9rmjo71ij39.apps.googleusercontent.com",
          "client_type": 3
        }
      ],
      "api_key": [
        {
          "current_key": "AIzaSyAUXvDUNqco6NYvVqPqyZOvyNlNYzX1TZE"
        }
      ],
      "services": {
        "appinvite_service": {
          "other_platform_oauth_client": [
            {
              "client_id": "342177187083-4t9og0gspbsi27kkn1l6t9rmjo71ij39.apps.googleusercontent.com",
              "client_type": 3
            }
          ]
        }
      }
    },
    {
      "client_info": {
        "mobilesdk_app_id": "1:342177187083:android:1d3ecf8ebc2487a0d28e0e",
        "android_client_info": {
          "package_name": "com.tvacstudio.a_commerce"
        }
      },
      "oauth_client": [
        {
          "client_id": "342177187083-4t9og0gspbsi27kkn1l6t9rmjo71ij39.apps.googleusercontent.com",
          "client_type": 3
        }
      ],
      "api_key": [
        {
          "current_key": "AIzaSyAUXvDUNqco6NYvVqPqyZOvyNlNYzX1TZE"
        }
      ],
      "services": {
        "appinvite_service": {
          "other_platform_oauth_client": [
            {
              "client_id": "342177187083-4t9og0gspbsi27kkn1l6t9rmjo71ij39.apps.googleusercontent.com",
              "client_type": 3
            }
          ]
        }
      }
    }
  ],
  "configuration_version": "1"
}